{
	"pattrstorage" : 	{
		"name" : "thedonuts",
		"slots" : 		{
			"1" : 			{
				"id" : 1,
				"data" : 				{
					"myrotate" : [ 20.944145, -0.017898, -0.268649, -0.225986 ],
					"myposition" : [ 0.028148, 0.53001, 0.00006 ]
				}

			}
,
			"2" : 			{
				"id" : 2,
				"data" : 				{
					"myrotate" : [ 146.126129, 0.887888, -0.225225, 0.817818 ],
					"myposition" : [ 0.8999, 0.95996, 0.149149 ]
				}

			}
,
			"3" : 			{
				"id" : 3,
				"data" : 				{
					"myrotate" : [ -151.171173, -0.987988, 0.781782, 0.863864 ],
					"myposition" : [ -0.633634, -0.5996, -0.485485 ]
				}

			}
,
			"4" : 			{
				"id" : 4,
				"data" : 				{
					"myrotate" : [ -93.153152, 0.077077, -0.153153, -0.065065 ],
					"myposition" : [ 0.059059, -0.445445, -0.531532 ]
				}

			}
,
			"5" : 			{
				"id" : 5,
				"data" : 				{
					"myrotate" : [ 169.549545, -0.151151, 0.237237, -0.433433 ],
					"myposition" : [ 0.357357, 0.313313, 0.233233 ]
				}

			}
,
			"6" : 			{
				"id" : 6,
				"data" : 				{
					"myrotate" : [ -12.792792, 0.601602, 0.367367, -0.935936 ],
					"myposition" : [ 0.477477, -0.795796, -0.87988 ]
				}

			}
,
			"7" : 			{
				"id" : 7,
				"data" : 				{
					"myrotate" : [ -164.14415, -0.315315, 0.317317, -0.70971 ],
					"myposition" : [ -0.451451, 0.577578, -0.479479 ]
				}

			}
,
			"8" : 			{
				"id" : 8,
				"data" : 				{
					"myrotate" : [ 168.108109, 0.991992, 0.121121, 0.469469 ],
					"myposition" : [ 0.565566, 0.231231, -0.351351 ]
				}

			}
,
			"9" : 			{
				"id" : 9,
				"data" : 				{
					"myrotate" : [ -80.540543, -0.623624, 0.697698, -0.061061 ],
					"myposition" : [ 0.041041, -0.693694, 0.655656 ]
				}

			}
,
			"10" : 			{
				"id" : 10,
				"data" : 				{
					"myrotate" : [ -170.990997, -0.58959, 0.467467, 0.251251 ],
					"myposition" : [ -0.115115, -0.507508, 0.217217 ]
				}

			}
,
			"11" : 			{
				"id" : 11,
				"data" : 				{
					"myrotate" : [ 156.936935, -0.461461, -0.87988, 0.84985 ],
					"myposition" : [ -0.961962, -0.255255, 0.997998 ]
				}

			}
,
			"12" : 			{
				"id" : 12,
				"data" : 				{
					"myrotate" : [ -150.450455, -0.93994, 0.74975, 0.037037 ],
					"myposition" : [ 0.825826, 0.5996, 0.395395 ]
				}

			}
,
			"13" : 			{
				"id" : 13,
				"data" : 				{
					"myrotate" : [ -115.495499, 0.153153, 0.211211, -0.237237 ],
					"myposition" : [ -0.267267, -0.449449, 0.935936 ]
				}

			}
,
			"14" : 			{
				"id" : 14,
				"data" : 				{
					"myrotate" : [ -76.576576, 0.537538, -0.451451, 0.039039 ],
					"myposition" : [ 0.145145, -0.781782, 0.153153 ]
				}

			}
,
			"15" : 			{
				"id" : 15,
				"data" : 				{
					"myrotate" : [ 72.972977, -0.411411, 0.935936, 0.307307 ],
					"myposition" : [ 0.56957, 0.841842, -0.499499 ]
				}

			}
,
			"16" : 			{
				"id" : 16,
				"data" : 				{
					"myrotate" : [ -84.144142, 0.089089, 0.555556, 0.217217 ],
					"myposition" : [ -0.743744, 0.521522, -0.765766 ]
				}

			}
,
			"17" : 			{
				"id" : 17,
				"data" : 				{
					"myrotate" : [ 66.846848, -0.431431, 0.017017, -0.375375 ],
					"myposition" : [ 0.201201, 0.371371, 0.755756 ]
				}

			}
,
			"18" : 			{
				"id" : 18,
				"data" : 				{
					"myrotate" : [ 137.477478, -0.653654, 0.735736, -0.255255 ],
					"myposition" : [ 0.013013, 0.409409, -0.251251 ]
				}

			}
,
			"19" : 			{
				"id" : 19,
				"data" : 				{
					"myrotate" : [ -45.945946, 0.70971, 0.237237, -0.137137 ],
					"myposition" : [ 0.821822, -0.68969, 0.419419 ]
				}

			}
,
			"20" : 			{
				"id" : 20,
				"data" : 				{
					"myrotate" : [ -170.270264, -0.005005, 0.059059, 0.469469 ],
					"myposition" : [ -0.437437, 0.339339, -0.327327 ]
				}

			}
,
			"21" : 			{
				"id" : 21,
				"data" : 				{
					"myrotate" : [ 3.423424, 0.665666, -0.617618, 0.723724 ],
					"myposition" : [ 0.289289, -0.241241, -0.807808 ]
				}

			}
,
			"22" : 			{
				"id" : 22,
				"data" : 				{
					"myrotate" : [ 0.900901, 0.82983, 0.67968, 0.753754 ],
					"myposition" : [ -0.115115, -0.171171, 0.185185 ]
				}

			}
,
			"23" : 			{
				"id" : 23,
				"data" : 				{
					"myrotate" : [ -60.0, -0.847848, -0.617618, 0.75976 ],
					"myposition" : [ -0.381381, 0.471471, -0.925926 ]
				}

			}
,
			"24" : 			{
				"id" : 24,
				"data" : 				{
					"myrotate" : [ -8.468469, 0.113113, 0.695696, -0.027027 ],
					"myposition" : [ 0.565566, -0.981982, 0.231231 ]
				}

			}
,
			"25" : 			{
				"id" : 25,
				"data" : 				{
					"myrotate" : [ 9.549549, 0.315315, -0.467467, -0.397397 ],
					"myposition" : [ -0.089089, 0.377377, -0.145145 ]
				}

			}
,
			"26" : 			{
				"id" : 26,
				"data" : 				{
					"myrotate" : [ -155.495499, 0.489489, 0.551552, 0.907908 ],
					"myposition" : [ -0.747748, 0.92993, 0.425425 ]
				}

			}
,
			"27" : 			{
				"id" : 27,
				"data" : 				{
					"myrotate" : [ -110.810814, -0.573574, -0.441441, -0.613614 ],
					"myposition" : [ 0.207207, -0.213213, 0.397397 ]
				}

			}
,
			"28" : 			{
				"id" : 28,
				"data" : 				{
					"myrotate" : [ 91.711708, 0.807808, 0.98999, -0.075075 ],
					"myposition" : [ 0.623624, 0.327327, 0.333333 ]
				}

			}
,
			"29" : 			{
				"id" : 29,
				"data" : 				{
					"myrotate" : [ 81.261261, -0.541542, -0.763764, 0.245245 ],
					"myposition" : [ -0.687688, -0.481481, 0.8999 ]
				}

			}
,
			"30" : 			{
				"id" : 30,
				"data" : 				{
					"myrotate" : [ -67.567566, 0.409409, 0.561562, 0.72973 ],
					"myposition" : [ 0.901902, -0.231231, 0.327327 ]
				}

			}
,
			"31" : 			{
				"id" : 31,
				"data" : 				{
					"myrotate" : [ 158.738739, 0.101101, -0.025025, 0.107107 ],
					"myposition" : [ -0.437437, 0.935936, -0.8999 ]
				}

			}
,
			"32" : 			{
				"id" : 32,
				"data" : 				{
					"myrotate" : [ -56.756756, 0.863864, -0.857858, -0.913914 ],
					"myposition" : [ -0.221221, 0.683684, -0.131131 ]
				}

			}
,
			"33" : 			{
				"id" : 33,
				"data" : 				{
					"myrotate" : [ 114.054054, -0.73974, -0.119119, -0.617618 ],
					"myposition" : [ -0.567568, -0.439439, 0.631632 ]
				}

			}
,
			"34" : 			{
				"id" : 34,
				"data" : 				{
					"myrotate" : [ -179.639633, 0.57958, 0.259259, 0.107107 ],
					"myposition" : [ -0.307307, 0.653654, -0.811812 ]
				}

			}
,
			"35" : 			{
				"id" : 35,
				"data" : 				{
					"myrotate" : [ -137.117111, -0.76977, -0.597598, 0.607608 ],
					"myposition" : [ -0.725726, -0.457457, -0.813814 ]
				}

			}
,
			"36" : 			{
				"id" : 36,
				"data" : 				{
					"myrotate" : [ 15.315315, -0.273273, -0.033033, 0.443443 ],
					"myposition" : [ 0.8999, -0.457457, -0.523524 ]
				}

			}
,
			"37" : 			{
				"id" : 37,
				"data" : 				{
					"myrotate" : [ -55.675674, -0.203203, -0.73974, 0.305305 ],
					"myposition" : [ 0.275275, 0.901902, 0.417417 ]
				}

			}
,
			"38" : 			{
				"id" : 38,
				"data" : 				{
					"myrotate" : [ 49.18919, 0.207207, 0.355355, 0.577578 ],
					"myposition" : [ 0.777778, -0.257257, -0.56957 ]
				}

			}
,
			"39" : 			{
				"id" : 39,
				"data" : 				{
					"myrotate" : [ 101.441444, 0.295295, 0.037037, -0.93994 ],
					"myposition" : [ 0.81982, 0.56957, -0.081081 ]
				}

			}
,
			"40" : 			{
				"id" : 40,
				"data" : 				{
					"myrotate" : [ -85.945946, -0.363363, 0.255255, 0.373373 ],
					"myposition" : [ 0.591592, 0.883884, -0.941942 ]
				}

			}
,
			"41" : 			{
				"id" : 41,
				"data" : 				{
					"myrotate" : [ 158.018021, -0.281281, -0.305305, -0.745746 ],
					"myposition" : [ -0.825826, 0.251251, 0.8999 ]
				}

			}
,
			"42" : 			{
				"id" : 42,
				"data" : 				{
					"myrotate" : [ 139.639633, -0.439439, 0.933934, -0.497497 ],
					"myposition" : [ 0.507508, 0.955956, 0.085085 ]
				}

			}
,
			"43" : 			{
				"id" : 43,
				"data" : 				{
					"myrotate" : [ -150.810806, 0.201201, -0.143143, 0.77978 ],
					"myposition" : [ -0.415415, 0.491491, -0.035035 ]
				}

			}
,
			"44" : 			{
				"id" : 44,
				"data" : 				{
					"myrotate" : [ -28.288288, -0.723724, -0.259259, -0.465465 ],